{
    "BBAR.BA": {
        "m": 9.116279069767442,
        "b": -6733223.860465117
    },
    "AAPL": {
        "m": 0.10891089108910891,
        "b": -80317.86138613861
    }
}